replicas,virtual users,pod response,node response,failed rate
5,1000,0.27737890702222545,21.86666666666801,0.25
5,1250,0.1947932090287122,18.95000000000033,0.50
5,1500,0.26741289773306703,21.561111111109838,0.27
5,1750,0.2268482457315286,21.31666666666611,0.22
5,2000,0.28673589647877085,23.788888888888735,0.21
5,2250,0.22352623961190776,20.844444444444704,0.33
