replicas,virtual users,pod response,node response,failed rate
6,1000,0.14182075581603673,6.049999999983498,0.75
6,1250,0.11164158410070532,10.46666666668898,3.07
6,1500,0.1357811776388895,6.399999999994179,6.07
