replicas,virtual users,pod response,node response,failed rate
3,1000,0.8447158243868755,7.3166666666899545,0.07
3,1250,0.582999482227836,7.016666666677338,0.21
3,1500,0.7174612732167847,12.483333333317816,0.05
3,1750,0.9059254655910137,7.96666666668898,1.16
3,2000,0.7289709169955401,6.833333333318777,0.90
3,2250,0.31161600339595874,6.166666666686055,3.48
