replicas,virtual users,pod response,node response,failed rate
1,1000,0.6493243520677646,5.859374999993932,0.01
1,2000,1.3595786467075042,6.684375000010434,0.01
1,3000,1.377917985140224,6.746874999995896,2.70
1,4000,1.2838431856634096,6.884375000008731,5.11
2,1000,0.7319497680401776,5.634375000008731,0.04
2,2000,0.8896677531821345,6.607291666671998,0.37
2,3000,0.8262772941796237,6.738541666660865,7.34
