replicas,virtual users,pod response,node response,failed rate
2,1000,1.3980385086880078,7.133333333331393,0.32
2,1250,0.8966739761620046,7.516666666682198,0.06
2,1500,0.8889687309263756,19.28333333334497,0.77
2,1750,0.9622577045685006,8.449999999987384,0.71
2,2000,0.6412617687590494,7.833333333352741,0.30
2,2250,0.8422713083943738,7.599999999971871,1.73
