replicas,virtual users,pod response,node response,failed rate
5,1000,0.15613247180751288,6.050000000007756,2.08
5,1250,0.139692073259146,6.000000000009706,4.51
5,1500,0.12239004439392907,6.050000000007756,12.21
