replicas,virtual users,pod response,node response,failed rate
4,1000,0.32982154586923007,26.51111111111075,0.00
4,1250,0.3066957958900063,25.11666666666619,0.00
4,1500,0.3570826554454612,23.561111111111032,0.46
4,1750,0.2831678912102392,20.072222222222294,0.29
4,2000,0.24805969592249172,18.31666666666733,1.73
4,2250,0.22087236655216974,19.744444444443914,2.72
