replicas,virtual users,pod response,node response,failed rate
4,1000,0.04984679553587472,7.600000000004215,83.50
