replicas,virtual users,pod response,node response,failed rate
6,1000,0.13712370802515408,18.444444444443846,0.04
6,1250,0.21392785618468385,21.899999999999025,0.18
6,1500,0.12551706373156613,17.694444444443647,0.68
6,1750,0.18392453760443334,20.494444444446145,0.88
6,2000,0.14044406252293865,19.01666666666644,1.25
6,2250,0.2741776386163382,26.927777777776413,1.15
